Designator,Footprint,Quantity,Value,LCSC Part #
"C1, C12, C15, C4, C7, C8",0603,6,100nF,C14663
"C10, C14",0805,2,10uF,C15850
"C11, C3, C6",0603,3,1uF,C15849
"C13, C9",0603,2,10nF,C57112
"C2, C5",CP_Radial_D5.0mm_P2.00mm,2,22uF,C88755
"D1, D2",D_SOD-123,2,1N4148W,C81598
F2,1210,1,1.5A,C22374902
"H1, H2",MountingHole_2.5mm_Pad,2,MountingHole_Pad,
J3,JST_XH_B2B-XH-A_1x02_P2.50mm_Vertical,1,Conn_01x02,
Q1,SOT-23,1,SI2301CDS-T1-GE3,C10487
Q2,SOT-23,1,MMBT5551L,C2145
Q3,SOT-23,1,AS2302,C20917
"R1, R6",0603,2,1K,C21190
"R2, R3, R4, R7, R8",0603,5,100K,C25803
"R5, R9",0603,2,10K,C25804
RV1,Potentiometer_Bourns_TC33X_Vertical,1,500K,C128558
U1,SOIC-8_3.9x4.9mm_P1.27mm,1,NE555D,C7593
