Designator,Footprint,Quantity,Value,LCSC Part #
"C1, C2, C4",0805,3,100nF,C49678
C3,0805,1,10uF,C15850
"H1, H2, H3",MountingHole_3.2mm_M3,3,MountingHole,
J1,RJ45_x08_Tab_Up,1,8P8C,
"J2, J3",JST_SH_BM04B-SRSS-TB_1x04-1MP_P1.00mm_Vertical,2,Conn_01x04_Male,C145961
J4,JST_SH_BM05B-SRSS-TB_1x05-1MP_P1.00mm_Vertical,1,Conn_01x05_Male,C2764199
"J5, J6",JST_XH_B2B-XH-AM_1x02_P2.50mm_Vertical,2,Conn_01x02_Male,
R1,0805,1,10K,C17414
U1,STM32G031G8U6,1,STM32G031F4Px,C432211
Y1,OSC_ECS-3225MVQ-160-BP-TR,1,ECS-3225MVQ-160-BP-TR,C252336
