Designator,Footprint,Quantity,Value,LCSC Part #
"C1, C5",CP_Radial_D8.0mm_P3.50mm,2,100uF,C112510
"C10, C24, C25, C3, C7, C9",0402,6,1nF,C106205
"C11, C12, C27, C28",0402,4,0.68uF,C113784
"C13, C26, C29, C8",0402,4,0.22uF,C437527
"C14, C15, C4",0402,3,1uF,C1518208
"C16, C17, C18",1210,3,10µF,C380537
"C19, C20",0603,2,0.1µF,C77055
"C2, C6",0402,2,100nF,C105882
C21,0603,1,150pF,C527999
"C22, C23",1210,2,47µF,C77101
"FB1, FB2, FB3, FB4",1206,4,120Ohm@100MHz,C3011219
J1,TerminalBlock_bornier-2_P5.08mm,1,Right Out,
J11,JST_XH_B2B-XH-A_1x02_P2.50mm_Vertical,1,PA7,
J12,JST_XH_B2B-XH-A_1x02_P2.50mm_Vertical,1,PA5,
J13,JST_XH_B2B-XH-A_1x02_P2.50mm_Vertical,1,PA1,
J14,JST_XH_B2B-XH-A_1x02_P2.50mm_Vertical,1,PB5,
J15,JST_XH_B2B-XH-A_1x02_P2.50mm_Vertical,1,PA2,
J16,TerminalBlock_bornier-2_P5.08mm,1,Left Out,
J17,JST_XH_B2B-XH-A_1x02_P2.50mm_Vertical,1,PA6,
J18,JST_XH_B2B-XH-A_1x02_P2.50mm_Vertical,1,PA4,
J2,PinHeader_1x03_P2.54mm_Vertical,1,Steering,
J3,PinHeader_1x03_P2.54mm_Vertical,1,Throttle,
J5,PinSocket_1x07_P2.54mm_Vertical,1,RC Signal,
J6,PinHeader_1x03_P2.54mm_Vertical,1,ATT Prog,
J7,PinSocket_2x07_P2.54mm_Vertical,1,RC Power,
J8,JST_XH_B4B-XH-A_1x04_P2.50mm_Vertical,1,I2C,
J9,JST_XH_B2B-XH-A_1x02_P2.50mm_Vertical,1,PA3,
JP1,SolderJumper-2_P1.3mm_Open_TrianglePad1.0x1.5mm,1,Car Power,
JP2,SolderJumper-2_P1.3mm_Open_TrianglePad1.0x1.5mm,1,5v,
L1,L_Sunlord_MWSA0603S,1,10µH,C132141
R1,0603,1,10R,C22859
R13,0603,1,100kΩ 1%,C25803
R14,0603,1,13.3kΩ 1%,C25952
R15,0603,1,240Ω 1%,C23350
"R2, R4",0402,2,4.7k,C25900
R3,0402,1,100k,C60491
U1,VQFN-20-1EP_3x3mm_P0.4mm_EP1.7x1.7mm,1,ATtiny1616-M,C507118
U3,HTSSOP-28-1EP_4.4x9.7mm_P0.65mm_EP3.4x9.5mm_Mask2.4x6.17mm_ThermalVias,1,TPA3110D2,C30132
U4,SOT-23-6,1,TPS54302,C311983
