"Reference","Value","Footprint","Datasheet","MPN","Qty"
"F1, F2","1.5A","Fuse:Fuse_1210_3225Metric","https://wmsc.lcsc.com/wmsc/upload/file/pdf/v2/lcsc/2404021532_LUTE-1210L075-24AR_C22374902.pdf","C22374902","2"
"RV1","500K","Potentiometer_SMD:Potentiometer_Bourns_TC33X_Vertical","https://wmsc.lcsc.com/wmsc/upload/file/pdf/v2/lcsc/2304140030_HDK-Hokuriku-Elec-Industry-VG039NCHXTB504_C128558.pdf","C128558","1"
"C2, C5","22uF","Capacitor_THT:CP_Radial_D5.0mm_P2.00mm","https://wmsc.lcsc.com/wmsc/upload/file/pdf/v2/lcsc/2304140030_Rubycon-50YXF22MEFC5X11_C88755.pdf","C88755","2"
"D1, D2","1N4148W","Diode_SMD:D_SOD-123","https://www.vishay.com/docs/85722/1n4448w.pdf","C81598","2"
"C9, C13","10nF","Capacitor_SMD:C_0603_1608Metric","https://wmsc.lcsc.com/wmsc/upload/file/pdf/v2/lcsc/2304140030_FH--Guangdong-Fenghua-Advanced-Tech-0603B103K500NT_C57112.pdf","C57112","2"
"R5, R9","10K","Resistor_SMD:R_0603_1608Metric","https://wmsc.lcsc.com/wmsc/upload/file/pdf/v2/lcsc/2206010045_UNI-ROYAL-Uniroyal-Elec-0603WAF1002T5E_C25804.pdf","C25804","2"
"R2-R4, R7, R8","100K","Resistor_SMD:R_0603_1608Metric","https://wmsc.lcsc.com/wmsc/upload/file/pdf/v2/lcsc/2206010045_UNI-ROYAL-Uniroyal-Elec-0603WAF1003T5E_C25803.pdf","C25803","5"
"R1, R6","1K","Resistor_SMD:R_0603_1608Metric","https://wmsc.lcsc.com/wmsc/upload/file/pdf/v2/lcsc/2206010130_UNI-ROYAL-Uniroyal-Elec-0603WAF1001T5E_C21190.pdf","C21190","2"
"Q3","AS2302","Package_TO_SOT_SMD:SOT-23","https://media.digikey.com/pdf/Data%20Sheets/Anbon%20Semi%20PDFs/AS2302.pdf","C20917","1"
"C10, C14","10uF","Capacitor_SMD:C_0805_2012Metric","https://wmsc.lcsc.com/wmsc/upload/file/pdf/v2/lcsc/2304140030_Samsung-Electro-Mechanics-CL21A106KAYNNNE_C15850.pdf","C15850","2"
"C3, C6, C11","1uF","Capacitor_SMD:C_0603_1608Metric","https://wmsc.lcsc.com/wmsc/upload/file/pdf/v2/lcsc/2304140030_Samsung-Electro-Mechanics-CL10A105KB8NNNC_C15849.pdf","C15849","3"
"C1, C4, C7, C8, C12, C15","100nF","Capacitor_SMD:C_0603_1608Metric","https://wmsc.lcsc.com/wmsc/upload/file/pdf/v2/lcsc/2211101700_YAGEO-CC0603KRX7R9BB104_C14663.pdf","C14663","6"
"Q1","SI2301CDS-T1-GE3","Package_TO_SOT_SMD:SOT-23","http://www.vishay.com/docs/63924/si2371eds.pdf","C10487","1"
"U1","NE555D","Package_SO:SOIC-8_3.9x4.9mm_P1.27mm","http://www.ti.com/lit/ds/symlink/ne555.pdf","C7593","1"
"Q2","MMBT5551L","Package_TO_SOT_SMD:SOT-23","www.onsemi.com/pub/Collateral/MMBT5550LT1-D.PDF","C2145","1"
"J3","Conn_01x02","Connector_JST:JST_XH_B2B-XH-A_1x02_P2.50mm_Vertical","~","","1"
"J1, J2","Action Input","Connector_JST:JST_XH_B4B-XH-A_1x04_P2.50mm_Vertical","~","","2"
"H1, H2","MountingHole_Pad","MountingHole:MountingHole_2.5mm_Pad","~","","2"
